first_name,last_name,email,phone
Mithi,Maniam,mithi@example.com,415-555-1212
Linda,Tan,linda.tam@example.com,415-555-1212
Kunal,Bakhtiar,kunal.bakhtiar@example.com,415-555-1212
Charissa,Ong,charissa@example.com,415-555-1212
Lasse,Christiansen,christiansen@example.com,415-555-1212
Mack,McConnell,mcconnell@example.com,415-555-1212
Matt,Freeman,matt.freeman@example.com,415-555-1212
Ferdi,Cam,ferdi.cam@example.com,415-555-1212
Elliot,Shu,elliot.shu@example.com,415-555-1212